calc_time,funding_interval_hours,last_funding_rate
1706745600000,8,0.00005527
1706774400000,8,0.00007871
1706803200002,8,0.00010000
1706832000000,8,0.00010000
1706860800000,8,0.00003678
1706889600000,8,0.00010000
1706918400000,8,0.00008150
1706947200000,8,0.00010000
1706976000001,8,0.00004476
1707004800000,8,0.00003180
1707033600004,8,0.00009094
1707062400000,8,0.00010000
1707091200000,8,0.00010000
1707120000000,8,0.00010000
1707148800000,8,0.00010000
1707177600000,8,0.00005691
1707206400001,8,0.00010000
1707235200000,8,0.00010000
1707264000000,8,0.00007659
1707292800000,8,0.00004883
1707321600000,8,0.00004309
1707350400000,8,0.00010000
1707379200000,8,0.00007523
1707408000000,8,0.00009802
1707436800000,8,0.00007752
1707465600000,8,0.00010000
1707494400001,8,0.00010000
1707523200001,8,0.00007838
1707552000000,8,0.00009615
1707580800000,8,0.00009995
1707609600000,8,0.00010000
1707638400001,8,0.00010000
1707667200000,8,0.00004792
1707696000000,8,0.00005076
1707724800000,8,0.00009971
1707753600000,8,0.00010000
1707782400000,8,0.00010000
1707811200000,8,0.00010000
1707840000000,8,0.00010000
1707868800000,8,0.00010000
1707897600000,8,0.00010000
1707926400000,8,0.00013082
1707955200000,8,0.00010000
1707984000000,8,0.00012136
1708012800000,8,0.00015412
1708041600000,8,0.00011125
1708070400000,8,0.00011597
1708099200000,8,0.00010000
1708128000000,8,0.00010000
1708156800000,8,0.00010000
1708185600000,8,0.00013519
1708214400000,8,0.00010000
1708243200000,8,0.00011140
1708272000000,8,0.00010000
1708300800000,8,0.00010000
1708329600000,8,0.00010000
1708358400000,8,0.00010000
1708387200000,8,0.00026500
1708416000000,8,0.00010000
1708444800000,8,0.00025431
1708473600000,8,0.00020319
1708502400000,8,0.00011802
1708531200000,8,0.00010000
1708560000001,8,0.00010000
1708588800001,8,0.00010000
1708617600000,8,0.00010000
1708646400000,8,0.00010000
1708675200000,8,0.00010000
1708704000000,8,0.00010000
1708732800000,8,0.00010000
1708761600001,8,0.00010000
1708790400000,8,0.00010000
1708819200001,8,0.00010000
1708848000000,8,0.00025856
1708876800000,8,0.00021110
1708905600000,8,0.00059496
1708934400000,8,0.00018258
1708963200000,8,0.00020172
1708992000000,8,0.00028561
1709020800000,8,0.00066751
1709049600000,8,0.00029666
1709078400000,8,0.00033546
1709107200000,8,0.00032021
1709136000000,8,0.00043581
1709164800000,8,0.00062574
1709193600000,8,0.00073381
1709222400000,8,0.00075727
