calc_time,funding_interval_hours,last_funding_rate
1675209600013,8,0.00010000
1675238400000,8,0.00010000
1675267200012,8,0.00010000
1675296000004,8,0.00010000
1675324800023,8,0.00010000
1675353600003,8,0.00010000
1675382400010,8,0.00010000
1675411200000,8,0.00010000
1675440000000,8,0.00010000
1675468800010,8,0.00010000
1675497600000,8,0.00010000
1675526400000,8,0.00010000
1675555200016,8,0.00010000
1675584000009,8,0.00010000
1675612800018,8,0.00010000
1675641600001,8,0.00010000
1675670400000,8,0.00010000
1675699200012,8,0.00010000
1675728000004,8,0.00010000
1675756800011,8,0.00010000
1675785600018,8,0.00010000
1675814400009,8,0.00010000
1675843200010,8,0.00010000
1675872000000,8,0.00010000
1675900800014,8,0.00010000
1675929600006,8,0.00010000
1675958400001,8,0.00010000
1675987200012,8,0.00010000
1676016000005,8,0.00006828
1676044800020,8,0.00010000
1676073600007,8,0.00006470
1676102400002,8,0.00003345
1676131200021,8,-0.00002491
1676160000004,8,0.00008869
1676188800000,8,0.00003225
1676217600002,8,0.00004579
1676246400006,8,0.00002555
1676275200008,8,0.00005994
1676304000002,8,0.00010000
1676332800013,8,-0.00000454
1676361600014,8,0.00004405
1676390400016,8,0.00005311
1676419200011,8,0.00002910
1676448000000,8,0.00002810
1676476800005,8,0.00005715
1676505600019,8,0.00010000
1676534400000,8,0.00010000
1676563200001,8,0.00014101
1676592000003,8,0.00010000
1676620800016,8,0.00010000
1676649600000,8,0.00010000
1676678400011,8,0.00010000
1676707200000,8,0.00010000
1676736000007,8,0.00010000
1676764800019,8,0.00010000
1676793600005,8,0.00010000
1676822400003,8,0.00010000
1676851200006,8,0.00010000
1676880000008,8,0.00010000
1676908800006,8,0.00010000
1676937600001,8,0.00010000
1676966400004,8,0.00010000
1676995200011,8,0.00010000
1677024000009,8,0.00010000
1677052800010,8,0.00010000
1677081600000,8,0.00010000
1677110400006,8,0.00007072
1677139200005,8,0.00009829
1677168000002,8,0.00004374
1677196800015,8,0.00003804
1677225600011,8,0.00006414
1677254400014,8,0.00008380
1677283200015,8,0.00007921
1677312000015,8,0.00009641
1677340800015,8,0.00005498
1677369600007,8,0.00001266
1677398400012,8,0.00004684
1677427200000,8,0.00001098
1677456000011,8,0.00010000
1677484800003,8,0.00008633
1677513600000,8,0.00006025
1677542400011,8,0.00003555
1677571200018,8,0.00003626
1677600000005,8,0.00008565
