calc_time,funding_interval_hours,last_funding_rate
1738368000000,8,0.00010000
1738396800000,8,0.00010000
1738425600000,8,0.00007480
1738454400001,8,-0.00004007
1738483200000,8,-0.00006224
1738512000000,8,-0.00001211
1738540800000,8,-0.00024850
1738569600000,8,-0.00034477
1738598400000,8,-0.00016098
1738627200000,8,-0.00017183
1738656000001,8,-0.00018252
1738684800000,8,-0.00028177
1738713600001,8,-0.00001286
1738742400001,8,0.00000360
1738771200000,8,-0.00002400
1738800000001,8,-0.00000406
1738828800001,8,-0.00009420
1738857600000,8,-0.00016399
1738886400000,8,0.00005111
1738915200000,8,-0.00009461
1738944000000,8,-0.00015987
1738972800000,8,-0.00002112
1739001600000,8,-0.00001266
1739030400000,8,-0.00002963
1739059200000,8,-0.00022992
1739088000000,8,-0.00004497
1739116800000,8,0.00010000
1739145600000,8,0.00000610
1739174400000,8,0.00002366
1739203200000,8,0.00010000
1739232000000,8,0.00010000
1739260800000,8,0.00005233
1739289600000,8,0.00007030
1739318400000,8,-0.00009361
1739347200000,8,-0.00012288
1739376000001,8,0.00001110
1739404800001,8,0.00002680
1739433600000,8,0.00010000
1739462400001,8,0.00000127
1739491200000,8,-0.00012154
1739520000001,8,-0.00015317
1739548800000,8,0.00004329
1739577600000,8,-0.00014748
1739606400000,8,0.00003244
1739635200000,8,-0.00004506
1739664000000,8,0.00002942
1739692800000,8,-0.00028672
1739721600000,8,-0.00015554
1739750400000,8,-0.00023857
1739779200000,8,-0.00012123
1739808000000,8,0.00010000
1739836800000,8,0.00010000
1739865600000,8,0.00004206
1739894400000,8,0.00003329
1739923200000,8,0.00004600
1739952000000,8,-0.00007562
1739980800000,8,-0.00008581
1740009600000,8,-0.00015884
1740038400000,8,-0.00015853
1740067200000,8,-0.00006791
1740096000001,8,0.00010000
1740124800000,8,0.00010000
1740153600000,8,0.00010000
1740182400000,8,0.00010000
1740211200000,8,0.00007946
1740240000000,8,0.00010000
1740268800000,8,0.00007942
1740297600000,8,0.00010000
1740326400000,8,0.00001492
1740355200000,8,-0.00010362
1740384000000,8,-0.00004905
1740412800000,8,0.00001414
1740441600000,8,0.00001719
1740470400000,8,-0.00017496
1740499200000,8,-0.00020314
1740528000000,8,-0.00036277
1740556800000,8,-0.00016722
1740585600000,8,0.00002467
1740614400001,8,0.00010000
1740643200000,8,0.00006698
1740672000000,8,0.00008731
1740700800001,8,0.00008743
1740729600000,8,0.00001041
1740758400000,8,0.00001895
