calc_time,funding_interval_hours,last_funding_rate
1590508800000,8,0.00010000
1590537600000,8,0.00010000
1590566400000,8,0.00010000
1590595200000,8,-0.00740000
1590624000000,8,-0.00750000
1590652800000,8,0E-8
1590681600000,8,-0.00750000
1590710400000,8,0E-8
1590739200000,8,0.00010000
1590768000000,8,0.00010000
1590796800000,8,0.00010000
1590825600001,8,0.00049668
1590854400000,8,0.00050199
1590883200000,8,0.00105410
1590912000001,8,0.00010000
1590940800000,8,0.00010000
