calc_time,funding_interval_hours,last_funding_rate
1643673600010,8,0.00008181
1643702400000,8,0.00010000
1643731200004,8,0.00006270
1643760000004,8,0.00007433
1643788800000,8,0.00008686
1643817600002,8,0.00010000
1643846400002,8,-0.00013057
1643875200000,8,-0.00021828
1643904000000,8,0.00003476
1643932800018,8,-0.00017933
1643961600005,8,-0.00022377
1643990400010,8,0.00007199
1644019200014,8,0.00010000
1644048000000,8,0.00010000
1644076800000,8,0.00010000
1644105600000,8,0.00010000
1644134400000,8,0.00010000
1644163200000,8,0.00006821
1644192000003,8,0.00004035
1644220800014,8,0.00010000
1644249600003,8,0.00010000
1644278400001,8,0.00007065
1644307200003,8,0.00010000
1644336000002,8,0.00010000
1644364800000,8,-0.00003519
1644393600005,8,0.00010000
1644422400001,8,0.00010000
1644451200012,8,0.00010000
1644480000000,8,0.00010000
1644508800006,8,0.00003379
1644537600000,8,0.00003677
1644566400009,8,-0.00004601
1644595200015,8,0.00010000
1644624000020,8,-0.00019164
1644652800001,8,-0.00014116
1644681600007,8,0.00010000
1644710400022,8,-0.00003961
1644739200001,8,-0.00000877
1644768000007,8,-0.00010107
1644796800005,8,-0.00007045
1644825600013,8,-0.00002337
1644854400019,8,-0.00006001
1644883200012,8,-0.00002760
1644912000005,8,-0.00016633
1644940800011,8,0.00010000
1644969600009,8,0.00010000
1644998400001,8,0.00010000
1645027200014,8,0.00010000
1645056000018,8,0.00010000
1645084800000,8,0.00010000
1645113600010,8,0.00010000
1645142400000,8,-0.00016091
1645171200002,8,-0.00010892
1645200000000,8,0.00009731
1645228800007,8,-0.00006144
1645257600000,8,0.00008403
1645286400023,8,0.00010000
1645315200001,8,0.00003259
1645344000003,8,0.00002128
1645372800001,8,0.00001924
1645401600000,8,0.00010000
1645430400001,8,0.00009542
1645459200005,8,0.00007638
1645488000005,8,-0.00008085
1645516800000,8,-0.00017697
1645545600000,8,-0.00014823
1645574400002,8,-0.00006429
1645603200005,8,-0.00015581
1645632000010,8,-0.00000474
1645660800008,8,-0.00005370
1645689600003,8,-0.00057284
1645718400001,8,-0.00046992
1645747200000,8,-0.00028492
1645776000006,8,-0.00020103
1645804800001,8,-0.00024102
1645833600004,8,-0.00020415
1645862400004,8,-0.00000351
1645891200007,8,0.00000492
1645920000012,8,-0.00007742
1645948800000,8,-0.00003639
1645977600000,8,-0.00012409
1646006400000,8,-9.5E-7
1646035200001,8,-0.00010782
1646064000002,8,-0.00006489
