calc_time,funding_interval_hours,last_funding_rate
1643673600010,8,0.00010000
1643702400000,8,-0.00010276
1643731200004,8,-0.00020797
1643760000004,8,-0.00006256
1643788800000,8,-1.7E-7
1643817600002,8,0.00000407
1643846400002,8,-0.00038034
1643875200000,8,-0.00005850
1643904000000,8,-0.00007881
1643932800018,8,0.00010000
1643961600005,8,0.00008786
1643990400010,8,0.00010000
1644019200014,8,0.00010000
1644048000000,8,0.00007456
1644076800000,8,0.00004351
1644105600000,8,0.00010000
1644134400000,8,0.00010000
1644163200000,8,0.00010000
1644192000003,8,-0.00000725
1644220800014,8,0.00008150
1644249600003,8,0.00001491
1644278400001,8,0.00010000
1644307200003,8,0.00001620
1644336000002,8,0.00007718
1644364800000,8,0.00010000
1644393600005,8,-0.00000162
1644422400001,8,0.00007116
1644451200012,8,-0.00002777
1644480000000,8,-0.00003259
1644508800006,8,0.00001908
1644537600000,8,-0.00011327
1644566400009,8,0.00010000
1644595200015,8,-0.00004783
1644624000020,8,0.00010000
1644652800001,8,0.00010000
1644681600007,8,0.00010000
1644710400022,8,0.00001665
1644739200001,8,0.00006235
1644768000007,8,-0.00002875
1644796800005,8,0.00009155
1644825600013,8,0.00006358
1644854400019,8,0.00010000
1644883200012,8,0.00007379
1644912000005,8,0.00004572
1644940800011,8,-0.00005099
1644969600009,8,0.00010000
1644998400001,8,0.00010000
1645027200014,8,0.00010000
1645056000018,8,0.00010000
1645084800000,8,0.00001611
1645113600010,8,0.00004771
1645142400000,8,-0.00003865
1645171200002,8,-0.00009187
1645200000000,8,0.00003508
1645228800007,8,0.00010000
1645257600000,8,0.00007039
1645286400023,8,0.00004883
1645315200001,8,-0.00003349
1645344000003,8,0.00005414
1645372800001,8,0.00003264
1645401600000,8,0.00007012
1645430400001,8,-0.00014003
1645459200005,8,0.00007007
1645488000005,8,0.00000865
1645516800000,8,-0.00003630
1645545600000,8,0.00005962
1645574400002,8,0.00009188
1645603200005,8,-0.00003926
1645632000010,8,-0.00003644
1645660800008,8,-0.00001113
1645689600003,8,-0.00003560
1645718400001,8,-0.00006140
1645747200000,8,0.00010000
1645776000006,8,0.00010000
1645804800001,8,0.00010000
1645833600004,8,0.00010000
1645862400004,8,0.00010000
1645891200007,8,0.00010000
1645920000012,8,0.00010000
1645948800000,8,0.00000507
1645977600000,8,0.00010000
1646006400000,8,-0.00015064
1646035200001,8,-0.00009020
1646064000002,8,0.00005573
